Distance_(mm),Gray_Value
0.0000000,89
0.0057488,89
0.114896,82
